0.47242,6.3595,-0.41193,-1.787,1.1911,1.4818,-0.63821,-0.9011,-0.54154,-1.3852,0.27394,-0.97707,0.093405,0
-0.07849,5.2092,0.81862,-1.0419,0.84089,1.3963,-0.82392,-1.1523,0.0067344,-0.571,0.33845,-0.6041,0.10781,0
0.18242,5.6027,0.94136,-1.067,0.86879,1.2754,-0.88324,-0.86952,0.15138,-0.081316,0.52979,0.20843,0.2772,0
0.17962,5.6836,1.2727,-0.89167,0.60965,1.2505,-0.9659,-0.98959,0.29644,0.069928,0.60616,0.29544,0.18453,0
0.064131,5.1911,1.432,-0.83111,0.66683,1.1837,-0.89128,-0.95234,0.23622,0.15794,0.55526,0.27837,0.20421,0
-0.046686,4.8564,1.4246,-0.88519,0.84222,1.1809,-0.88723,-0.87359,0.12403,-0.003299,0.4386,0.13404,0.17887,0
-0.63452,3.0696,-0.19596,2.5421,1.0352,0.68114,-0.66773,-0.29379,-0.018385,-0.060516,0.08821,-0.42224,0.31542,0
-0.50629,3.5735,0.017752,2.6272,1.1199,0.59146,-0.76876,0.0079869,0.097928,0.14429,0.18378,-0.0044457,-0.0018076,0
-0.50454,3.2202,0.13527,2.6483,1.0043,0.40113,-0.83831,-0.18137,0.081528,0.20854,0.23413,0.16742,0.051231,0
-0.55026,3.1411,0.30407,2.7225,1.026,0.31313,-0.85786,-0.15454,0.079014,0.24084,0.20868,0.27124,-0.075303,0
-0.62346,3.2348,0.35451,2.7323,1.0931,0.33015,-0.87873,-0.15776,0.019863,0.21765,0.1695,0.24882,-0.018689,0
-0.64891,3.3112,0.29835,2.7481,1.1353,0.37524,-0.86128,-0.12837,-0.010762,0.16926,0.15517,0.20941,-0.013613,0
-0.88502,3.8003,0.056884,2.331,1.2389,0.83611,-0.62665,-0.17834,0.31499,0.11419,0.17185,-0.39955,0.42339,0
-0.83738,3.6764,0.14984,2.251,1.2458,0.55588,-0.67939,-0.16088,0.23351,0.14532,0.15517,-0.067314,0.28978,0
-1.0242,3.8515,0.73446,2.4328,1.4115,0.47347,-0.75406,-0.063236,0.29568,0.19255,0.10894,0.11779,0.07762,0
-0.99186,3.7087,0.6865,2.3744,1.3631,0.39719,-0.75919,-0.1039,0.24902,0.19338,0.097814,0.15186,0.080706,0
-1.0261,3.7503,0.82109,2.4341,1.434,0.37281,-0.75495,-0.035594,0.26388,0.1968,0.074558,0.24495,-0.059064,0
-1.0118,3.8394,0.7966,2.3777,1.4622,0.37513,-0.80319,-0.038064,0.22694,0.19154,0.083487,0.24505,-0.0016881,0
-0.55372,5.1977,-0.040386,1.594,1.7776,1.1125,-0.59869,-0.16956,0.47027,0.38482,0.36451,-0.52344,0.66935,0
-0.85853,4.3989,0.80707,1.7739,1.8103,1.0614,-0.67203,-0.30514,0.35316,0.28757,0.12318,-0.45349,0.41691,0
-0.80936,4.5047,0.94549,1.8341,1.7622,0.80191,-0.74335,-0.23095,0.32369,0.36096,0.13814,-0.16622,0.35984,0
-0.90158,4.6094,1.3479,1.8842,1.9282,0.73946,-0.79494,-0.13376,0.35442,0.42336,0.11636,0.030495,0.10068,0
-0.8552,4.7069,1.3408,1.7901,1.8624,0.72908,-0.79937,-0.15386,0.40037,0.47097,0.15206,0.018877,0.22998,0
-0.86129,4.4537,1.281,1.7963,1.867,0.75076,-0.75807,-0.14835,0.39295,0.44377,0.1336,0.045655,0.11118,0
-0.28688,4.7579,-0.2678,2.7676,0.565,1.5326,-0.73155,-0.47976,0.56702,-0.35888,0.033981,-0.71126,-0.1386,0
0.0087064,4.9709,-0.55817,2.4849,0.053803,1.9479,-0.52007,-0.4095,1.1864,-0.16842,0.042428,-0.51302,-0.036169,0
0.12711,4.3583,-0.53217,1.8159,-0.12233,1.9436,-0.36651,-0.18162,1.3979,0.25781,0.093718,-0.28544,0.14128,0
-0.085485,4.8415,-0.47043,2.3015,0.07344,2.0891,-0.45256,-0.17065,1.4449,0.27442,0.047723,-0.33007,0.13778,0
-0.0036714,5.019,-0.46511,2.1923,-0.033156,2.203,-0.42925,-0.1566,1.4793,0.35378,0.13063,-0.27346,0.2255,0
-0.049603,5.0556,-0.34309,2.2703,0.10447,2.0507,-0.49303,-0.040565,1.3331,0.41217,0.14503,-0.11003,0.18283,0
-0.3907,3.2347,-0.29679,2.0391,0.48019,1.0622,-0.42891,-0.52872,0.075489,-0.57185,0.11825,-0.64137,0.054988,0
-0.37973,3.4876,-0.15947,2.1814,0.52266,1.2009,-0.50924,-0.5411,0.12277,-0.51599,0.17482,-0.57878,-0.027186,0
-0.095583,4.6667,-0.33471,2.2349,0.83761,1.982,-0.86447,-0.50509,0.5574,-0.11806,0.3346,-0.28302,-0.0023043,0
0.23344,4.8379,-0.83003,1.6436,1.0298,2.1805,-0.97645,-0.30532,0.75995,0.12084,0.46723,-0.055738,0.11773,0
-0.32765,4.4474,-0.26404,2.3392,1.0363,1.7186,-0.86549,-0.32238,0.34636,-0.14446,0.28624,-0.20677,-0.051252,0
-0.37957,4.2617,-0.09216,2.474,0.8781,1.6639,-0.8367,-0.49423,0.29587,-0.272,0.25493,-0.31978,0.030264,0
-0.76108,3.9694,0.15329,2.15,1.4498,1.9522,-0.73938,0.17116,0.6053,0.63321,0.16396,-0.63381,0.48592,0
-0.96496,4.153,0.73046,2.0591,1.8112,2.1588,-0.87053,0.073632,0.50298,0.63631,0.12751,-0.66111,0.38024,0
-0.94207,4.1351,0.66334,2.2353,1.7532,2.0135,-0.80617,0.24116,0.50453,0.63735,0.083714,-0.48716,0.21048,0
-0.89924,4.0388,0.85444,1.7842,1.8084,2.122,-0.83554,0.18207,0.55927,0.76221,0.11945,-0.46598,0.32786,0
-0.82784,4.1423,0.75731,1.649,1.7635,2.2036,-0.82197,0.25156,0.648,0.84236,0.12484,-0.52318,0.37478,0
-0.96897,4.23,0.88718,1.9779,1.9004,2.0342,-0.93022,0.16522,0.48458,0.74423,0.13003,-0.39316,0.27921,0
-0.71681,3.3793,0.12521,2.4511,1.0844,1.4129,-0.70462,-0.16883,0.55755,0.26533,0.068244,-0.56117,0.32631,0
-0.77411,3.605,0.38086,2.3021,1.1653,1.5165,-0.72262,0.005216,0.69745,0.41498,0.053737,-0.40266,0.25004,0
-0.84764,3.8512,0.59815,2.1437,1.322,1.6985,-0.7115,0.20194,0.71772,0.5085,0.05058,-0.35206,0.19173,0
-0.84037,3.6582,0.56006,2.2444,1.3008,1.5405,-0.74354,0.066946,0.64501,0.43006,0.04782,-0.33614,0.16249,0
-0.8972,3.7848,0.63946,2.1672,1.3584,1.712,-0.71091,0.18575,0.71302,0.52192,0.068466,-0.3295,0.18663,0
-0.88435,3.8805,0.6604,2.1398,1.3868,1.7636,-0.72153,0.22905,0.74559,0.54053,0.067257,-0.32766,0.18162,0
0.058482,5.9255,-0.38858,1.4624,-0.20577,3.0389,-0.61195,-0.47757,1.2657,0.48647,0.68598,-0.46512,0.24586,0
0.34953,5.7435,-0.2836,0.81298,-0.73557,3.2128,-0.41911,-0.21168,1.5206,0.80394,0.78879,-0.11749,0.2607,0
0.23355,5.1537,-0.0064169,0.53427,-0.45592,2.9605,-0.37894,-0.013524,1.4183,0.75566,0.62463,-0.13091,0.22083,0
0.30011,5.2595,0.16995,0.41975,-0.54768,2.9674,-0.38385,-0.015047,1.346,0.77361,0.68738,-0.051574,0.18155,0
0.29597,5.166,0.28044,0.31829,-0.4371,2.8577,-0.39365,-0.037298,1.2513,0.70098,0.67254,-0.053906,0.11373,0
0.23749,5.0794,0.51457,0.14838,-0.24011,2.8301,-0.44869,0.015631,1.1384,0.69115,0.66383,0.017553,0.10524,0
-0.090255,3.8762,-0.1085,0.48205,0.10745,1.682,-0.34467,-0.77437,0.84178,-0.56052,-0.10853,-0.6457,-0.027792,0
0.078337,2.8025,-0.20291,0.16131,-0.19347,1.5015,-0.12002,-0.39419,1.0248,-0.13147,-0.062867,-0.18563,0.027614,0
0.051311,2.7231,-0.14983,0.16463,-0.19256,1.5465,-0.078353,-0.24129,1.1125,-0.0057995,-0.05617,-0.034738,0.062452,0
0.16171,2.4371,-0.28605,0.041419,-0.3054,1.3574,-0.047521,-0.26028,1.0714,0.010394,-0.01515,0.073545,0.047957,0
0.10625,2.8092,-0.18262,0.10403,-0.25675,1.6064,-0.063477,-0.21345,1.1635,0.076238,0.0021472,0.030825,0.095531,0
0.23905,2.7547,-0.33814,-0.044896,-0.28987,1.4675,-0.072822,-0.19272,1.11,0.043513,0.019877,0.12401,0.034772,0
-0.59955,3.9999,-0.55966,2.5753,0.22611,1.6648,-0.50192,-0.46847,0.91668,-0.28033,-0.09133,-0.12011,-0.051173,0
-0.56289,4.1325,-0.42496,2.5808,0.18291,1.6135,-0.51051,-0.20568,1.0114,-0.1358,-0.10537,0.28924,-0.1165,0
-0.55658,3.8802,-0.37387,2.3447,0.053384,1.664,-0.40264,-0.088058,1.1338,-0.20053,-0.20369,0.14951,0.0013746,0
-0.46823,3.7835,-0.38201,2.1259,0.0095237,1.6569,-0.38476,-0.011584,1.1581,-0.10282,-0.16157,0.27047,0.00027923,0
-0.29918,3.788,-0.4408,1.9628,-0.17773,1.5722,-0.34753,0.075961,1.3037,-0.0021134,-0.15208,0.61397,-0.019559,0
-0.32395,3.6339,-0.2984,1.9329,-0.083951,1.4507,-0.39204,0.11923,1.109,0.030348,-0.10092,0.59971,-0.0079763,0
0.069503,4.762,-2.9652,-2.6506,3.2364,2.036,-0.51374,0.88468,0.72784,0.35376,0.32841,-0.41252,-0.51886,0
0.097297,4.9798,-2.6999,-2.6756,3.3963,2.1443,-0.45825,0.94936,0.71825,0.30988,0.27758,-0.29403,-0.653,0
-0.50883,2.2933,0.46786,-0.81917,1.8565,1.545,-0.52192,0.091464,0.29121,0.28255,0.1452,-0.17172,0.0618,0
-0.63568,1.6174,1.079,-0.51913,1.5657,1.3863,-0.52596,-0.11548,0.19087,0.31061,0.11157,-0.13907,0.15075,0
-0.61355,1.8656,0.90131,-0.53255,1.6647,1.4458,-0.51943,-0.055369,0.19069,0.26706,0.13178,-0.1583,0.14509,0
-0.52372,2.0267,0.79025,-0.6895,1.7225,1.4186,-0.54729,-0.017302,0.15827,0.26503,0.13789,-0.063838,0.13953,0
-0.55606,2.1426,1.2534,-0.71134,1.2707,1.8133,-0.45479,0.043041,0.39531,0.25684,0.42465,-0.13703,0.051003,0
-0.68915,2.1003,1.5222,-0.59596,1.5259,1.7039,-0.54641,-0.030158,0.23008,0.14308,0.3613,-0.085177,-0.041015,0
-0.59109,2.0152,1.4228,-0.6813,1.3497,1.6435,-0.49008,0.064712,0.29843,0.17022,0.35754,-0.032439,-0.05371,0
-0.53703,1.9626,1.4248,-0.79186,1.2492,1.6308,-0.46713,0.12449,0.33717,0.2325,0.39045,0.042757,-0.034724,0
-0.56506,2.0618,1.4118,-0.78525,1.354,1.6748,-0.48518,0.12716,0.29631,0.18368,0.38529,-0.025675,-0.012471,0
-0.55235,1.9596,1.4443,-0.8503,1.3279,1.669,-0.46717,0.14125,0.31128,0.21741,0.3939,0.012766,0.0046196,0
-0.13651,5.3797,0.39699,1.3899,1.0106,2.0751,-0.84983,-0.95927,-0.043557,-0.89862,0.28872,-0.83135,-0.88852,0
0.23241,6.0487,0.15212,1.4061,0.31867,2.3567,-0.73692,-1.0324,0.14224,-0.95655,0.47746,-0.65425,-1.1269,0
0.96509,7.3081,-0.32102,0.82269,-0.65192,3.0185,-0.62548,-0.77159,0.33596,-0.75218,0.68592,-0.15682,-1.4447,0
1.032,6.4614,-0.59104,0.29611,-0.93753,2.5833,-0.46426,-0.65792,0.3966,-0.35953,0.74497,0.34043,-0.98568,0
0.71208,5.7272,-0.21632,0.46427,-0.75987,2.753,-0.42418,-0.3732,0.59644,0.16641,0.63471,0.46142,-0.7406,0
0.80641,5.1745,-0.56902,0.28224,-0.78621,2.3215,-0.29702,-0.10921,0.64475,0.17893,0.54945,0.53112,-0.62651,0
-0.8008,3.2704,-0.29745,2.1561,0.58247,1.1126,-0.36746,-0.032145,1.029,-0.30251,-0.28986,0.060025,0.041309,0
-0.75974,3.2938,-0.19255,1.8734,0.55967,1.1787,-0.35564,0.060791,1.1159,-0.28852,-0.30983,0.16841,0.083582,0
-0.50994,2.573,-0.28631,1.2312,0.28875,0.92288,-0.20204,0.21916,1.1741,-0.22419,-0.30202,0.40292,0.083156,0
-0.73411,3.3837,-0.16083,1.7441,0.5392,1.1697,-0.34152,0.26194,1.2658,-0.23195,-0.31506,0.37734,0.094899,0
-0.75831,3.2234,-0.15359,1.7732,0.54987,1.1523,-0.33636,0.19052,1.2273,-0.24616,-0.32841,0.30568,0.1275,0
-0.84008,3.6077,-0.087507,1.9815,0.63127,1.2919,-0.41488,0.10722,1.2069,-0.24694,-0.29068,0.22426,0.15315,0
-0.6903,3.6841,0.33274,0.86603,0.65332,2.0694,-0.4568,0.092339,1.2501,0.037189,0.019783,0.045593,0.29,0
-0.6608,4.509,0.41449,0.92156,0.73517,2.2031,-0.59633,0.076996,1.2646,0.082541,0.093989,0.3134,0.12574,0
-0.45752,3.8437,0.33632,0.62843,0.45885,1.8701,-0.46532,0.20123,1.2364,0.047901,0.052313,0.39114,0.11554,0
-0.3925,4.0798,0.35764,0.49853,0.52327,1.8894,-0.49152,0.30066,1.1819,0.10495,0.13072,0.5263,0.064663,0
-0.55426,4.2762,0.47237,0.68239,0.60841,2.1113,-0.5406,0.17222,1.2418,0.16522,0.16047,0.39392,0.14904,0
-0.50435,4.1828,0.58685,0.44795,0.66159,2.0803,-0.53572,0.31743,1.1728,0.16165,0.17513,0.48109,0.11915,0
-0.51931,4.2519,-0.2024,2.593,0.31329,1.3826,-0.40754,0.011733,0.35026,0.12668,0.019831,-0.69437,0.0029128,0
-0.026244,4.445,-0.71424,1.9631,-0.326,1.6704,-0.18961,0.64704,0.78474,0.8484,0.12001,-0.17551,0.31697,0
0.023636,3.8869,-0.66072,1.4993,-0.34314,1.5238,-0.094649,0.85945,0.80863,0.88784,0.079611,-0.041191,0.30496,0
0.025875,4.0641,-0.56436,1.5588,-0.26501,1.4996,-0.13885,0.81804,0.68633,0.87536,0.084263,-0.03833,0.28669,0
-0.0012461,4.3944,-0.72867,1.4995,-0.16179,1.5898,-0.10746,0.91,0.65116,0.83465,0.087182,-0.011827,0.28221,0
0.087827,3.9772,-0.51603,1.3236,-0.35909,1.4146,-0.13936,0.90587,0.5653,0.85706,0.085233,0.056001,0.28017,0
0.66544,8.6278,-4.9763,-0.032095,2.5486,1.8503,-0.65211,1.4594,0.45436,-0.51438,0.33713,-0.091275,-0.044619,0
-0.3804,5.4456,-1.6001,2.0163,1.4384,1.2801,-0.72359,0.51037,0.019938,-0.47995,-0.12202,-0.30936,0.15986,0
-0.51229,5.0692,-1.2828,2.2779,1.4138,1.1912,-0.77535,0.45474,-0.034955,-0.41015,-0.1237,-0.25587,0.16254,0
-0.30308,5.5906,-1.4662,1.9655,1.5632,1.3191,-0.77334,0.54794,-0.17121,-0.56399,-0.1482,-0.36584,0.086118,0
-0.093067,6.4042,-2.2692,1.5967,1.7352,1.5776,-0.68055,0.97673,0.047792,-0.4074,0.016661,-0.12812,0.29343,0
-0.068881,6.2698,-2.3334,1.6062,1.7813,1.4206,-0.70745,0.70947,0.069314,-0.39764,0.067589,-0.16074,0.24603,0
-0.39091,3.718,-0.85886,2.7723,1.1699,1.0142,-0.29764,0.4402,0.42583,0.23782,0.032766,-0.57777,0.39428,0
-0.40689,4.0317,-0.80796,2.8745,1.2869,1.0449,-0.28189,0.55268,0.32903,0.23305,-0.031148,-0.57669,0.33949,0
-0.37351,3.9228,-0.66431,2.8048,1.2616,0.95496,-0.29096,0.56897,0.26984,0.21022,-0.084993,-0.46154,0.21153,0
-0.42823,3.7253,-0.42575,2.8043,1.1529,0.96761,-0.2893,0.45339,0.24982,0.19818,-0.11252,-0.56159,0.28692,0
-0.36452,3.9652,-0.60564,2.7396,1.2157,0.97693,-0.32813,0.53604,0.19613,0.17579,-0.073718,-0.54777,0.34899,0
-0.29948,4.3442,-1.0264,2.6732,1.3444,1.0753,-0.24521,0.65507,0.23604,0.2171,0.03545,-0.56303,0.3597,0
-0.51265,3.9688,-1.1957,2.8489,1.2328,0.65766,-0.67851,0.3847,0.077399,0.091272,0.067476,0.043475,-0.069921,0
-0.38895,4.9892,-2.0205,2.5932,1.5755,1.0084,-0.57371,0.87739,0.051944,0.040835,0.10021,-0.057761,-0.17843,0
-0.55247,3.9707,-1.261,2.7578,1.3134,0.70119,-0.57584,0.45301,0.0091777,0.057505,0.075634,0.011851,-0.078502,0
-0.65701,3.3538,-0.78772,2.939,1.0524,0.59403,-0.62806,0.30181,-0.011831,0.095136,0.023578,0.12161,-0.0044716,0
-0.58074,3.9252,-1.0152,2.8747,1.1349,0.74974,-0.62564,0.40588,-0.012265,0.031982,0.02042,-0.049435,-0.0089145,0
2.3401,2.7391,-0.23237,0.68177,1.0257,0.50032,0.44256,-0.28427,0.55496,-0.030777,0.46741,-0.55093,0.46474,1
2.0878,2.458,-0.1099,0.55448,0.9913,0.4606,0.70458,-0.14368,0.46662,-0.035365,0.30328,-0.45575,0.37143,1
2.4744,2.7606,0.10913,0.72629,1.1738,0.4736,0.9274,-0.13625,0.54418,-0.027134,0.25664,-0.36092,0.28056,1
3.1343,3.6353,0.148,0.97831,1.4459,0.6,0.80815,-0.19491,0.67383,-0.065501,0.24345,-0.38178,0.37241,1
3.1519,3.5485,0.23835,0.90952,1.5308,0.54975,1.1259,-0.089546,0.71026,-0.0027898,0.24291,-0.285,0.26524,1
3.5128,4.0074,0.3233,1.0626,1.686,0.62737,1.1371,-0.12226,0.81862,0.023475,0.24487,-0.27088,0.30505,1
4.5763,2.2776,-0.23093,1.0882,1.0351,0.76716,-1.7529,-0.073496,1.1034,0.064948,1.5547,-0.66324,0.3652,1
3.9027,1.7202,0.06957,0.91795,0.90874,0.5617,-1.3938,-0.012128,0.83105,0.20947,1.1932,-0.40292,0.23373,1
4.5214,2.0327,0.01676,0.97745,0.98924,0.61576,-1.779,-0.065395,0.89084,0.22523,1.2606,-0.28124,0.19478,1
4.8268,2.13,0.3248,1.1971,1.196,0.67111,-1.8257,-0.058494,0.94477,0.36889,1.1983,-0.13041,-0.0044253,1
4.8787,2.1093,0.32913,1.1943,1.1144,0.65249,-1.9453,-0.086138,0.92058,0.34383,1.2097,-0.10726,0.044007,1
4.9817,2.2107,0.3618,1.2487,1.1862,0.64603,-2.0062,-0.084578,0.92689,0.39302,1.2102,-0.050196,0.0045627,1
1.4618,2.3983,-0.037087,1.4954,1.2119,0.64693,-0.19189,-0.31659,0.46261,0.17316,0.66759,-0.42263,0.17588,1
1.895,2.7061,0.11498,1.4293,1.4172,0.66315,-0.17146,-0.24746,0.59389,0.34006,0.79852,-0.23774,0.094978,1
2.6112,3.8571,0.47351,2.1346,2.0788,0.83099,-0.25401,-0.30639,0.75311,0.44437,0.8906,-0.016577,-0.1528,1
3.2899,4.8572,0.60735,2.6616,2.4542,1.0073,-0.64473,-0.3258,0.83192,0.50756,1.0084,0.1636,-0.13466,1
2.9888,4.7253,0.8015,2.7225,2.5296,0.98219,-0.53049,-0.26891,0.80225,0.48859,0.81383,0.2714,-0.38716,1
2.9347,4.3782,0.72415,2.2576,2.3993,0.90142,-0.2505,-0.23472,0.84353,0.58821,0.9113,0.30208,-0.28903,1
0.85677,2.4526,0.20207,0.42243,1.2082,0.76856,0.53132,-0.085533,0.32064,0.35613,0.43922,-0.48949,0.41257,1
1.0354,2.5424,0.25305,0.30611,1.1952,0.75598,0.60877,0.084369,0.39312,0.46317,0.50493,-0.40846,0.31661,1
1.3665,4.456,1.1071,0.89264,2.4217,1.392,0.6154,-0.13613,0.39553,0.39041,0.28529,-0.38742,0.26074,1
1.6041,4.476,1.0617,0.73076,2.335,1.3064,0.90562,0.080417,0.4782,0.58272,0.38634,-0.33538,0.20981,1
1.5049,4.5626,1.1281,0.77508,2.4108,1.4002,0.89435,0.0064691,0.43727,0.54459,0.30882,-0.36104,0.27312,1
1.6103,4.8494,1.2468,0.84171,2.5818,1.4466,0.95839,0.020067,0.42572,0.49867,0.28252,-0.34753,0.22404,1
0.79547,2.7708,-0.068452,1.4545,1.3692,0.65955,0.59489,-0.36519,0.35688,0.057483,0.51229,-0.45857,0.32893,1
0.93999,2.6569,0.095981,1.1668,1.4322,0.58629,0.77144,-0.16476,0.38806,0.14634,0.48031,-0.20457,0.13195,1
1.4529,3.9314,0.41909,1.6597,2.187,0.72855,1.1701,-0.10571,0.59086,0.28934,0.57576,0.11437,-0.10325,1
1.5504,4.7594,0.56667,2.2165,2.4958,0.87951,1.0217,-0.18626,0.60883,0.2255,0.52903,0.17116,-0.090855,1
1.6498,4.6828,0.5965,2.0505,2.5278,0.81591,1.2147,-0.092934,0.614,0.29765,0.57082,0.2645,-0.1606,1
1.5888,4.9073,0.83009,2.2592,2.6303,0.82828,1.1066,-0.073746,0.62598,0.34503,0.49503,0.42404,-0.19814,1
0.044213,7.1258,0.2603,-0.26581,0.11253,-0.031566,-0.26105,-1.3287,0.99008,0.5909,0.0049961,-0.81896,0.53989,1
0.31251,8.1863,0.30247,-0.33945,-0.19944,-0.56538,-0.3444,-1.1524,1.2247,0.71136,-0.035049,-0.44077,0.38236,1
-0.21256,8.5897,1.6178,0.2313,0.69696,-0.48886,-0.62576,-1.2792,0.77555,0.57613,-0.35972,-0.65353,0.23267,1
0.26372,10.061,1.6849,-0.26955,-0.0038504,-1.1718,-0.6797,-1.2807,1.0307,0.92446,-0.30306,-0.11865,0.2805,1
0.40928,10.151,1.3628,-0.36387,0.053501,-1.0498,-0.66541,-1.4289,0.80239,0.67783,-0.264,-0.077763,0.56216,1
0.096826,9.8157,2.1369,-0.1077,0.22997,-1.2602,-0.80711,-1.381,0.68215,0.78135,-0.4425,0.013875,0.369,1
0.93873,2.5071,-0.98013,0.53985,0.61954,0.4432,-0.16429,0.51072,0.24684,0.14388,0.61068,-0.21712,-0.0078347,1
1.0174,2.6816,-0.78878,0.881,0.62737,0.43763,-0.28906,0.49169,0.2275,0.15332,0.62009,-0.11022,-0.084774,1
0.74022,2.4724,-0.3961,1.3186,0.70226,0.30972,-0.34603,0.25536,0.19951,0.078885,0.50758,-0.099143,-0.17811,1
0.91372,2.8827,-0.62741,1.0661,0.81638,0.35624,-0.32575,0.35186,0.18051,0.011838,0.55698,-0.026456,-0.087966,1
0.80381,2.1561,-0.33597,1.0515,0.57907,0.21488,-0.30969,0.30812,0.17362,0.078939,0.49405,0.0019752,-0.20841,1
0.63838,2.5044,-0.13009,1.6057,0.78812,0.29026,-0.32574,0.18977,0.16861,0.01835,0.40756,-0.04697,-0.23955,1
-1.0022,3.4643,1.2169,0.77964,2.1545,1.4305,-0.72956,-0.30255,0.4959,0.27257,0.23873,-0.17143,0.38168,1
-0.91273,3.2685,1.3664,0.40921,2.0498,1.2667,-0.73844,-0.088342,0.53298,0.27233,0.21051,0.047459,0.22646,1
-0.93664,3.2929,1.5514,0.56648,2.168,1.24,-0.75198,-0.03196,0.41239,0.25332,0.14383,0.16472,0.047202,1
-1.01,3.3822,1.7286,0.75707,2.2641,1.1756,-0.80691,-0.00082451,0.35694,0.25394,0.1146,0.26732,-0.11004,1
-0.86463,3.2106,1.541,0.41535,2.0398,1.0704,-0.81617,0.04091,0.34976,0.28615,0.14287,0.33905,0.0076813,1
-0.9868,3.2386,1.7053,0.67656,2.1607,1.0942,-0.83315,-0.027885,0.32448,0.27893,0.11213,0.30988,-0.086496,1
-0.79238,5.953,0.76186,0.86114,1.7511,1.136,-0.92736,-0.23741,1.5281,-0.086737,0.22345,-0.0322,0.74184,1
-0.83363,5.6791,1.1733,0.96263,1.8477,0.97799,-0.9322,-0.16265,1.442,0.025356,0.17013,0.19906,0.50011,1
-0.79652,5.7537,1.4532,1.073,1.9791,0.68793,-1.0457,-0.017864,1.2073,0.020301,0.11648,0.40603,0.17929,1
-0.71179,5.7348,1.336,0.95371,1.892,0.67493,-1.0497,-0.13239,1.0213,-0.0023659,0.11393,0.40556,0.30475,1
-0.86312,5.4106,1.5909,1.1191,1.9349,0.64353,-1.0032,-0.06681,1.0909,0.044708,0.061028,0.4079,0.12973,1
-0.86291,5.2927,1.706,1.2634,2.0857,0.60455,-1.0948,-0.044402,0.81103,0.14266,0.046919,0.49055,0.064173,1
-0.75687,4.4583,0.32273,0.93652,1.3564,0.7373,-0.81305,-0.030161,1.5834,-0.17734,0.22759,-0.030663,0.54348,1
-0.80978,4.7254,0.46494,1.4944,1.468,0.54334,-0.90718,-0.030147,1.2705,-0.18776,0.17832,0.080935,0.38934,1
-0.73522,4.758,1.0219,0.94575,1.6304,0.58283,-0.90266,0.32275,1.2973,-0.24742,0.11986,0.35271,0.20276,1
-0.7611,4.5031,1.1898,1.0016,1.5907,0.39612,-0.94038,0.24391,1.2115,-0.14451,0.097278,0.42301,0.082685,1
-0.84324,4.7865,1.2579,1.1779,1.617,0.42838,-1.0005,0.17949,1.2416,-0.13675,0.094129,0.47346,0.18933,1
-0.85396,4.7272,1.4464,1.2697,1.8028,0.43976,-1.0186,0.2768,1.1999,-0.073395,0.071764,0.54103,0.048576,1
-0.89781,4.7823,0.46649,1.6383,1.5544,1.0398,-0.81289,-0.23631,1.2481,-0.13672,0.23774,-0.079911,0.6086,1
-0.87991,4.8358,1.0198,1.3219,1.5909,0.7884,-0.93436,0.0087457,1.3666,-0.1717,0.15478,0.41131,0.45004,1
-0.84603,4.9725,1.2213,1.3477,1.7587,0.61053,-1.0001,0.11107,1.0965,-0.16824,0.11472,0.54706,0.14234,1
-0.81282,5.1153,1.2854,1.3346,1.8691,0.71665,-0.97751,0.13912,0.96363,-0.16316,0.12048,0.55121,0.078004,1
-0.9273,4.9533,1.4724,1.498,1.8186,0.56396,-1.0321,0.057978,0.96744,-0.11732,0.098887,0.55881,0.033813,1
-0.87902,4.605,1.4145,1.5347,1.7002,0.51576,-0.95838,-0.036213,0.76339,-0.068014,0.066511,0.48489,0.055395,1
1.1897,9.6356,-0.11855,0.39723,-1.6556,1.2365,-0.46709,0.18694,-0.7391,1.3629,0.38564,-0.035143,-0.10409,1
1.5774,7.4465,-0.65846,-0.25164,-1.8479,1.1362,-0.22221,0.81672,-0.53399,1.7137,0.67124,0.71586,0.11919,1
1.2862,7.2915,-0.18338,-0.072111,-1.7068,1.0223,-0.24321,0.69433,-0.58982,1.5997,0.44223,0.51332,0.082196,1
0.87734,9.608,1.1034,0.80024,-1.4916,0.62413,-0.63886,-0.02499,-1.1712,0.76059,-0.062142,-0.015744,-0.75936,1
0.81812,8.5197,0.87005,0.58952,-1.1676,0.63992,-0.50116,-0.012456,-0.93877,0.95541,-0.038277,0.11536,-0.43338,1
-0.015271,7.8122,0.75736,1.6483,0.12164,0.057772,-0.84736,-0.68541,-0.77777,-0.41323,-0.25987,-0.45842,-0.62246,1
0.183,1.3375,-0.43546,0.18909,0.40235,0.20287,-0.38536,0.53285,0.31675,-0.2717,0.045608,-0.12206,0.038807,1
0.17154,1.0896,-0.3969,0.063971,0.34972,0.13274,-0.35398,0.49376,0.29968,-0.21026,0.034587,-0.070787,0.036175,1
0.13432,1.4107,-0.34284,0.4028,0.44815,0.19388,-0.4244,0.48955,0.27417,-0.23526,0.019572,-0.10134,-0.0064189,1
0.19901,1.2907,-0.34209,0.1983,0.39147,0.15032,-0.41008,0.50097,0.27536,-0.21758,0.035766,-0.046872,0.010083,1
0.15334,1.5067,-0.36063,0.36077,0.48705,0.20321,-0.4339,0.50478,0.28157,-0.24765,0.029365,-0.082804,-0.0011689,1
0.2087,1.5671,-0.33497,0.28356,0.4788,0.19619,-0.46665,0.52471,0.25596,-0.24483,0.044702,-0.055162,-0.0016075,1
-0.99446,5.6646,1.2295,1.6794,1.9004,1.5271,-0.92588,0.14195,0.27446,0.42914,0.12258,-0.47675,0.20682,1
-0.87289,5.3726,1.7463,0.8025,1.9584,1.3666,-1.0089,0.30271,0.24224,0.48962,0.12345,-0.1284,0.11703,1
-0.89327,5.4262,1.8641,0.90153,1.9678,1.3703,-1.0067,0.39709,0.26486,0.48658,0.11887,-0.049454,-0.059203,1
-0.8072,4.876,1.9073,0.49785,1.8885,1.2401,-0.97237,0.38234,0.2419,0.53684,0.12111,0.090005,-0.023602,1
-0.84187,5.1473,2.0553,0.54225,1.9856,1.2836,-0.97839,0.50137,0.23076,0.50869,0.11607,0.077851,-0.094459,1
-1.1358,4.5429,2.0758,1.0467,2.2545,1.4035,-0.88036,0.074614,0.11636,0.20468,-0.030792,-0.1988,-0.17142,1
-0.20352,5.4522,1.7957,0.39878,1.9927,1.9381,-0.92563,0.49007,0.30282,0.27408,0.28284,-0.3861,0.082168,1
-0.40981,4.1045,2.1186,0.035085,1.8974,1.7346,-0.78855,0.361,0.18587,0.10387,0.13514,-0.27917,-0.13095,1
-0.47538,4.2933,2.2565,0.32547,1.9946,1.7127,-0.83462,0.30859,0.10513,-0.0086111,-0.021408,-0.3597,-0.17442,1
-0.19557,4.2675,2.2926,-0.23696,1.8088,1.6737,-0.81296,0.56877,0.261,0.19934,0.19885,-0.13203,-0.22883,1
-0.35127,4.1946,2.2439,-0.012805,1.8589,1.7019,-0.845,0.5307,0.2484,0.24507,0.204,-0.12964,-0.12729,1
-0.45527,4.0894,2.2998,-0.041009,1.9974,1.6785,-0.86254,0.42048,0.098431,0.074195,0.12438,-0.1496,-0.21473,1
-0.70523,2.75,1.8986,-0.67865,1.6444,1.5053,-0.54551,0.028885,0.12811,0.16774,0.18543,-0.30543,0.0075639,1
-0.68816,3.1151,2.0307,-0.7654,1.6132,1.4868,-0.60881,0.22653,0.15451,0.25277,0.26732,-0.1349,-0.014561,1
-0.65222,3.1705,2.1534,-0.89931,1.623,1.4627,-0.60464,0.38313,0.17061,0.27222,0.27879,-0.036616,-0.1139,1
-0.59644,3.1154,2.2039,-1.0974,1.5744,1.4653,-0.60854,0.43029,0.1505,0.32739,0.33178,0.067761,-0.064035,1
-0.61353,2.9983,2.1834,-1.0519,1.6523,1.4423,-0.59573,0.38464,0.1386,0.27895,0.27322,0.051171,-0.090695,1
-0.67523,3.009,2.2538,-0.95325,1.7304,1.4631,-0.62684,0.31586,0.072773,0.20637,0.25397,0.031354,-0.10499,1
0.44652,5.4333,0.2578,-0.54261,-0.3561,0.097814,-0.31948,1.1147,1.3989,0.049324,0.50181,-0.93452,0.29782,1
0.57863,5.9051,0.40838,-0.1346,-0.2613,-0.017289,-0.49075,1.3146,1.3773,0.092089,0.36393,-0.73442,0.25636,1
0.62822,5.2935,0.42452,-0.57901,-0.64792,-0.1845,-0.36222,1.3946,1.2961,0.22441,0.39232,-0.57825,0.35947,1
0.17826,6.7535,1.377,-0.10072,-0.073969,-0.34108,-0.63423,0.82142,1.141,-0.42548,0.19853,-1.0654,-0.14812,1
0.53655,6.7846,1.0865,-0.60562,-0.39355,-0.19065,-0.55592,1.3017,1.3957,0.030294,0.38278,-0.859,0.20252,1
0.57226,5.8229,0.83988,-0.50516,-0.36151,-0.282,-0.52863,1.2248,1.2161,0.03836,0.41914,-0.55243,0.1929,1
0.024623,5.8603,-0.004674,2.1437,1.5614,0.87123,-0.079939,0.90986,0.95658,0.40399,0.51168,-0.28695,-0.1955,1
-0.084605,5.6041,0.3211,2.0984,1.5431,0.71554,-0.25776,0.73494,0.66275,0.23619,0.37469,-0.049931,-0.24998,1
-0.024455,5.6617,0.53022,2.0817,1.6032,0.62901,-0.20659,0.96011,0.79398,0.33839,0.36633,0.083222,-0.51817,1
-0.22224,5.171,0.54799,2.3017,1.4359,0.52613,-0.36211,0.69202,0.56381,0.24837,0.29299,0.072405,-0.39532,1
0.1135,6.1578,0.46737,2.0296,1.6253,0.57228,-0.31186,1.1348,0.83491,0.44717,0.50306,0.15144,-0.43802,1
-0.04362,5.7591,0.68891,2.0688,1.6748,0.68912,-0.23517,1.0308,0.78161,0.41946,0.40843,0.14809,-0.44203,1
-0.62386,5.3013,1.2771,1.7886,1.6726,0.97617,-0.45005,0.24778,0.83306,-0.35647,0.27281,-0.34774,-0.3744,1
-0.68904,5.7992,1.3875,1.7274,1.879,0.99744,-0.46468,0.35055,1.0978,-0.30123,0.26505,-0.23684,-0.45127,1
-0.66048,5.4606,1.5248,1.8355,1.8247,0.90624,-0.49122,0.29764,0.8614,-0.3452,0.28156,-0.20212,-0.53421,1
-0.75762,5.7313,1.5313,1.5446,2.0289,0.88655,-0.50127,0.43365,1.1432,-0.13644,0.25089,0.032917,-0.4763,1
-0.79576,5.8076,1.5878,1.4243,2.0626,0.88256,-0.53232,0.39703,1.1425,-0.067679,0.20076,0.099673,-0.35757,1
-0.78294,5.8341,1.6272,1.3603,2.1055,0.78534,-0.55222,0.43907,1.1888,0.038472,0.21283,0.23633,-0.36532,1
-0.25661,4.8721,1.7548,-0.70629,1.5842,1.0153,-0.74148,0.6669,1.1784,0.15974,0.53007,-0.43645,0.16927,1
-0.32506,4.3446,2.0161,-0.82321,1.5455,0.91,-0.71146,0.59556,0.91092,-0.0029849,0.3172,-0.3313,0.05706,1
-0.42551,3.8344,2.0982,-0.64284,1.6593,0.9008,-0.66155,0.52253,0.72347,-0.10318,0.19493,-0.24111,-0.16412,1
-0.30975,3.9698,2.0966,-1.0051,1.5192,0.93251,-0.64833,0.72002,0.9108,0.029879,0.34717,-0.18082,-0.018207,1
-0.30449,3.7901,2.1377,-1.0575,1.5687,0.9098,-0.66962,0.75026,0.80063,0.039588,0.31478,-0.076621,-0.070813,1
-0.28823,3.8383,2.1425,-1.071,1.5674,0.89441,-0.6946,0.77649,0.82584,0.047387,0.33354,-0.03983,-0.059383,1
-0.23287,6.265,1.3554,0.96695,1.1384,0.64628,-0.73513,0.71608,1.1987,-0.35052,0.55377,-0.80766,-0.41695,1
-0.31871,6.968,1.7737,1.1469,1.3114,0.43835,-0.94341,0.67291,1.146,-0.44784,0.54716,-0.69435,-0.53591,1
-0.29406,6.603,1.8311,0.92232,1.3531,0.50783,-0.82497,0.66286,1.139,-0.41058,0.53741,-0.63711,-0.55703,1
0.055808,6.9952,1.8141,0.30835,1.0304,0.31697,-0.84123,1.2518,1.3352,-0.20188,0.60364,-0.42024,-0.51598,1
-0.2151,6.2803,1.7672,0.65283,1.2301,0.55852,-0.79835,0.84646,1.1651,-0.23277,0.52793,-0.57883,-0.40891,1
-0.027546,7.4547,1.9281,0.57928,1.17,0.4046,-1.0047,1.0002,1.2266,-0.23416,0.64846,-0.42432,-0.35225,1
5.0529,4.3037,-0.67215,0.5928,0.35243,1.3534,-1.6602,0.60575,0.42926,0.43102,-0.6195,-0.077137,0.10692,1
5.6117,5.0581,-0.1943,0.87983,0.4206,1.4707,-1.3474,0.68822,0.23755,0.32319,-1.1964,-0.19297,0.042494,1
5.5659,4.7934,-0.094807,0.72812,0.37921,1.3302,-1.2991,0.75367,0.23955,0.43824,-1.138,0.031312,-0.014178,1
5.0453,4.162,-0.24883,0.52822,0.2113,1.2137,-1.3446,0.72132,0.29919,0.64241,-0.67138,0.28303,0.060566,1
5.3441,4.528,-0.17084,0.73786,0.33775,1.3155,-1.2564,0.82221,0.27428,0.55331,-1.0098,0.08078,0.018302,1
5.1733,4.3823,-0.17778,0.67571,0.29423,1.1622,-1.4061,0.7229,0.26128,0.56955,-0.76649,0.2578,0.0023908,1
4.555,1.4979,0.026314,1.009,0.58616,0.69375,-2.1621,-0.13849,0.75506,0.10101,0.35563,-0.14163,0.044258,1
4.7221,1.5186,0.14769,0.97391,0.59377,0.72774,-2.1076,-0.1687,0.72285,0.087085,0.27054,-0.16928,0.014367,1
4.5343,1.4191,0.11619,0.9258,0.51967,0.63774,-2.1619,-0.16151,0.70936,0.15299,0.32196,-0.035597,0.034787,1
4.8242,1.7188,0.21359,1.1339,0.67146,0.73748,-2.0858,-0.16841,0.69098,0.1401,0.2466,-0.077584,-0.016528,1
4.6041,1.5574,0.12303,0.94879,0.56497,0.62142,-2.1844,-0.12889,0.69036,0.17243,0.31602,0.014808,0.02931,1
4.9035,1.8216,0.11963,1.1223,0.68713,0.74753,-2.2226,-0.1119,0.69225,0.091339,0.25165,-0.082017,0.039119,1
4.9535,5.6051,0.72224,1.3026,2.7049,1.7369,-0.87916,0.029728,0.90332,-0.056195,-0.51945,-0.28652,0.037904,1
5.352,6.3813,1.5136,2.1065,3.1424,2.2871,-1.2536,-0.25052,0.84855,-0.26506,-0.90808,-0.52561,-0.016117,1
5.4495,6.0585,1.1978,1.5541,2.9759,1.9914,-1.1186,0.013711,0.95353,-0.049061,-0.71618,-0.24897,-0.13172,1
5.3178,6.3757,1.4051,1.5333,3.1722,2.1068,-0.96343,-0.020853,0.89988,-0.096086,-0.8153,-0.30994,-0.05751,1
4.8451,5.5341,0.91221,0.90834,2.7661,1.7369,-0.74737,0.14545,1.0206,0.13032,-0.46561,-0.1033,0.027116,1
5.0746,5.9059,1.2572,1.2563,3.0445,1.9505,-0.76265,0.06446,0.93131,0.059605,-0.67321,-0.19189,0.0059209,1
3.3786,4.3752,0.72505,-0.082518,2.1916,1.3142,0.43285,0.10974,0.66177,0.0033684,-0.20013,-0.23778,0.16649,1
3.5259,4.768,1.142,-0.22601,2.5264,1.4839,0.78062,0.18181,0.62642,0.026962,-0.41823,-0.11581,0.11315,1
3.4544,4.8581,1.1868,-0.24526,2.5379,1.421,0.65224,0.21653,0.60829,0.069885,-0.38488,-0.038909,0.078312,1
3.5215,5.0795,1.393,-0.24424,2.7679,1.5079,0.72138,0.30702,0.64525,0.14859,-0.37708,0.087286,0.0029722,1
3.1557,4.4127,1.1978,-0.35912,2.4118,1.3607,0.70474,0.24021,0.61534,0.21864,-0.30034,0.025287,0.12421,1
3.8317,5.3032,1.5065,-0.33859,2.8977,1.6499,0.93317,0.22558,0.62467,0.08903,-0.55498,-0.016995,0.13455,1
3.1441,5.55,0.23658,2.9039,2.3057,1.0729,0.14676,-0.39703,0.72232,0.11481,0.69325,0.021179,-0.21817,1
3.2317,5.6721,0.39887,2.7034,2.3354,0.99982,0.091917,-0.35222,0.73207,0.097908,0.67986,0.13473,-0.23285,1
3.72,6.189,0.46294,2.652,2.509,1.0318,0.29906,-0.35088,0.78545,0.098096,0.66633,0.27488,-0.38318,1
3.2712,5.5641,0.56669,2.3454,2.3468,0.89414,0.42481,-0.34143,0.76412,0.235,0.59441,0.3311,-0.26938,1
3.2706,5.8036,0.63806,2.6003,2.5178,1.0002,0.50033,-0.23286,0.74588,0.27239,0.50945,0.35215,-0.33346,1
3.2568,5.8155,0.78724,2.4775,2.6027,1.0124,0.64556,-0.27614,0.7126,0.3051,0.40829,0.37394,-0.27022,1
-0.60543,3.4867,-0.74517,-0.15734,2.062,1.2882,-0.67846,-0.40278,0.60517,0.45379,-0.048706,-0.62884,0.25651,1
-0.59726,4.2341,-1.181,-0.29055,2.5106,1.2277,-0.77997,-0.34249,0.89643,0.57424,-0.097204,-0.40631,-0.063209,1
-0.58982,4.2136,-1.0671,-0.23319,2.4562,1.1682,-0.78481,-0.38225,0.95573,0.58309,-0.1081,-0.36317,-0.03497,1
-0.57517,4.1491,-0.88644,-0.28835,2.4419,1.0946,-0.80758,-0.32813,0.85196,0.52273,-0.050682,-0.22434,-0.0018073,1
-0.53303,4.158,-0.97393,-0.34662,2.449,1.1172,-0.81606,-0.28398,0.76611,0.44656,-0.025555,-0.24879,0.0028503,1
-0.56898,3.9346,-0.62345,-0.19667,2.3614,1.034,-0.81787,-0.35035,0.75061,0.52394,-0.019015,-0.14338,0.048795,1
-0.3496,5.346,-2.6322,0.53898,2.5717,1.0543,-0.74094,-0.072958,0.92302,0.54071,0.15713,-0.59135,-0.073669,1
-0.33702,5.3196,-2.3786,0.56997,2.508,0.85541,-0.76815,-0.053488,1.102,0.54944,0.11155,-0.36501,-0.18663,1
-0.25092,5.3534,-2.3868,0.5138,2.4672,0.81658,-0.72433,-0.047182,1.089,0.50733,0.13307,-0.25533,-0.1874,1
-0.42695,4.9939,-1.6316,0.72208,2.3411,0.8907,-0.80956,-0.19557,0.8508,0.50246,0.17129,-0.24771,0.055758,1
1.6797,11.101,-5.1618,-1.8915,2.9913,1.707,-0.92671,0.57248,-0.53569,-1.6963,1.198,1.1303,1.8759,1
1.1633,9.9057,-3.6636,-1.111,3.0663,1.6656,-0.98896,0.29245,-0.38484,-1.3524,1.1405,1.0126,1.7135,1
0.098926,5.8224,-2.9953,0.40157,2.6814,1.2133,-0.86073,0.081984,0.86549,0.60163,0.28184,-0.61612,-0.077768,1
-0.15275,4.9564,-1.6857,0.66385,2.5149,1.0763,-0.88765,-0.12838,0.89217,0.70594,0.22783,-0.42922,-0.043995,1
-0.048512,5.1979,-1.854,0.68123,2.525,0.93069,-0.93411,-0.09006,0.95033,0.70293,0.23328,-0.26642,-0.15873,1
-0.099817,4.9251,-1.4737,0.74097,2.4229,0.92388,-0.91874,-0.13596,0.91945,0.70747,0.25681,-0.23349,-0.061426,1
-0.03978,4.9276,-1.6559,0.63664,2.3844,0.96248,-0.84972,-0.11701,0.8649,0.67378,0.26734,-0.23574,-0.020745,1
0.098025,5.2044,-1.7008,0.73141,2.2832,0.86781,-0.93937,-0.048749,0.88466,0.62668,0.32734,-0.17302,0.085826,1
-0.59096,4.1894,-1.0088,-0.22916,2.4973,1.5049,-0.85376,-0.33702,0.60057,0.64859,0.16392,-0.43766,0.0038925,1
-0.42465,4.8177,-1.8438,-0.53956,2.8235,1.2965,-0.90612,-0.16353,0.83519,0.71593,0.20075,-0.25188,-0.31747,1
-0.51218,3.3719,-0.5251,-0.46338,2.2497,1.1778,-0.74754,-0.26174,0.54803,0.58876,0.12495,-0.15693,-0.13517,1
-0.55268,3.0369,-0.28006,-0.45073,2.1742,1.1144,-0.73555,-0.28416,0.53158,0.58878,0.11151,-0.084907,-0.099588,1
-0.49678,3.6451,-0.74372,-0.54334,2.3395,1.1705,-0.79814,-0.22633,0.61394,0.60847,0.13779,-0.12712,-0.11145,1
-0.51983,3.2137,-0.33526,-0.41313,2.1155,1.1138,-0.73018,-0.32303,0.49475,0.55129,0.14812,-0.11483,0.028135,1
0.38627,4.0298,-3.0118,-1.1147,0.87672,0.44341,-0.17864,-0.23497,1.0428,0.20682,-0.10661,-0.078887,-0.52256,1
0.38338,3.3617,-2.6633,-1.0848,0.72949,0.25543,-0.080619,-0.21737,1.0572,0.10962,-0.092591,0.068028,-0.53401,1
0.35139,3.2564,-2.3893,-0.96665,0.64067,0.24552,-0.040391,-0.25835,1.0693,0.090461,-0.1258,0.1157,-0.50163,1
0.26335,3.3445,-2.1141,-0.8064,0.60012,0.17775,-0.095299,-0.37766,1.092,0.13329,-0.18989,0.069381,-0.42794,1
0.26698,2.8316,-1.9758,-0.79566,0.50071,0.23251,-0.024943,-0.28886,1.015,0.075874,-0.14328,0.075536,-0.36262,1
0.31484,3.1078,-1.9753,-0.75994,0.49704,0.26226,-0.022976,-0.29874,0.99684,0.064617,-0.10791,0.056739,-0.24773,1
0.0010409,2.5939,-1.656,-0.74647,0.97375,0.58243,-0.26349,-0.1712,0.87706,-0.028908,-0.25636,0.088338,-0.28522,1
-0.21078,2.7902,-1.1265,-0.83957,1.3443,0.75614,-0.37711,-0.30417,0.88915,0.0085314,-0.32228,0.11153,-0.26708,1
-0.23466,3.0917,-1.2454,-0.94945,1.5398,0.86966,-0.44188,-0.32511,0.96052,-0.0032452,-0.3308,0.095781,-0.28689,1
-0.24152,2.9842,-0.90888,-0.90716,1.4629,0.83022,-0.42769,-0.33152,0.9296,-0.018683,-0.35684,0.18673,-0.24391,1
-0.099341,2.22,-1.0002,-0.70591,0.93999,0.5942,-0.24225,-0.25714,0.82423,-0.087219,-0.27852,0.1967,-0.1806,1
-0.087133,1.9673,-0.73404,-0.58542,0.75966,0.56905,-0.20862,-0.26288,0.74921,-0.082243,-0.25002,0.20973,-0.077004,1
0.14644,6.0272,-3.4236,0.6887,2.512,0.58791,-0.90178,0.39012,0.95903,0.63112,0.39845,-0.22532,-0.35585,1
-0.3115,4.5403,-1.5616,1.2692,2.0996,0.58009,-0.81963,-0.013774,0.73139,0.6039,0.26747,-0.067941,-0.16981,1
-0.27641,4.8598,-1.6108,1.2625,2.2219,0.61225,-0.85177,-0.011181,0.75967,0.55063,0.31026,0.018868,-0.15955,1
-0.13273,5.3073,-1.9603,1.0855,2.239,0.58875,-0.85285,0.058214,0.81808,0.55331,0.36316,0.049372,-0.065377,1
-0.34931,4.9012,-1.805,1.0909,2.4499,0.67532,-0.88559,0.017244,0.86498,0.70487,0.30716,-0.088673,-0.25094,1
-0.30651,4.6561,-1.5155,1.2876,2.1503,0.58368,-0.86798,0.025066,0.77983,0.64625,0.33627,-0.022017,-0.096173,1
-0.46175,4.1153,-1.8659,1.5152,1.9259,0.64917,-0.72204,0.054996,0.64198,0.38906,0.2331,-0.17411,-0.28263,1
-0.68128,3.4033,-0.89937,1.9997,1.7216,0.54953,-0.69318,-0.11854,0.49591,0.38101,0.17436,-0.010968,-0.22343,1
-0.49962,3.8526,-1.4486,1.6433,1.8463,0.52106,-0.71661,0.012242,0.65824,0.44625,0.22487,0.0077675,-0.27323,1
-0.47334,3.9582,-1.5172,1.6257,1.8828,0.48727,-0.71915,0.0055779,0.72338,0.47063,0.24411,0.05609,-0.30949,1
-0.50259,3.7096,-1.3033,1.66,1.7376,0.49932,-0.69516,-0.047186,0.67001,0.4539,0.2269,0.0056149,-0.20538,1
-0.49752,3.7927,-1.2323,1.7579,1.7427,0.47659,-0.72701,-0.031865,0.61671,0.46153,0.26529,0.093859,-0.17698,1
-0.75407,3.6824,-0.45129,0.40111,2.5211,1.2829,-0.86119,-0.15207,0.48571,0.64747,0.13093,-0.18773,-0.000292,1
-0.89653,3.74,-0.19326,0.72914,2.6143,1.2936,-0.92257,-0.21119,0.51118,0.67649,0.15346,-0.08328,-0.024023,1
-0.68807,3.9371,-0.5012,0.26131,2.6365,1.1484,-0.89831,-0.030522,0.56862,0.69552,0.17261,0.016906,-0.14723,1
-0.87713,3.5178,-0.025855,0.69688,2.5326,1.1589,-0.90039,-0.22394,0.51342,0.68897,0.13961,0.017682,-0.077357,1
-0.85909,3.213,0.17836,0.61395,2.3825,1.1789,-0.85536,-0.26981,0.48667,0.67326,0.14112,-0.027715,0.00067518,1
-0.87422,3.2263,0.26391,0.67226,2.3743,1.1586,-0.88288,-0.27135,0.44775,0.68491,0.16269,0.027285,0.064452,1
-0.53031,5.0247,-2.1714,0.55602,2.6673,1.0433,-0.92248,-0.048849,0.78715,0.51746,0.079813,-0.34911,-0.37764,1
-0.54844,4.7164,-1.5837,0.83854,2.4262,0.91598,-0.86265,-0.16252,0.77092,0.54469,0.11204,-0.18551,-0.28791,1
-0.48167,4.9035,-1.5179,0.87978,2.3825,0.88112,-0.88779,-0.10764,0.77812,0.48743,0.13955,-0.093922,-0.29856,1
-0.42789,4.9433,-1.9072,0.88512,2.3623,0.64177,-0.90477,-0.056164,0.89208,0.54525,0.14959,0.0037198,-0.40831,1
-0.63752,4.6315,-1.2434,0.91489,2.4622,0.85055,-0.90708,-0.17058,0.7293,0.4829,0.083264,-0.053252,-0.29014,1
